seq,label
KPSTHPNELPRENYV,1
VIFEETLLQELSGSD,1
RRPKGRAMDQDFQRD,1
PRLLSPLRVANALLA,1
RRGCGRGEQRREQQR,1
SCNINEVVHILVRND,1
SKWIIASKTHGGVQK,1
KRRFSSMPFMFCRGI,1
VEQINEVLHYKLRND,1
TPWSPDSGNNQTGKQ,1
ATPGIEGSGARVNCH,1
SIWSKPMAACRETGV,1
QERHRHSAFTFQTVP,1
RYPKGRGNARREKER,1
QEPHRLSLLTPLPNP,1
IIFGERVFLRVYDWE,1
KNKCRWAKMLSARGY,1
KNASLWTDKLSVFNL,1
CETGRTTTTPATPQA,1
EGRTISLDLQAPKYK,1
TKWTVCASECGRGHQ,1
ERLPGPKGPKGNAGQ,1
SPLSQCSVRCQRLQR,1
PGYKGNRGDSPSAAT,1
GSKATSDKASTGAES,1
FRRFRGMPFMFCNIN,1
FCNGNNVCSFALRND,1
RSPAAAGTRRLEKIR,1
ITMYGIQGNKKRMIM,1
KNELLITQMNSNFGD,1
KSLRGKGLMQIVVRK,1
FHSYRLQDLYSAVQR,1
FCNINNVLNFASRNS,1
SAGFIEIHGRDTCNY,1
RRPRGRAMRANKQRN,1
WDVVVVPAGEAEVKV,1
LNRFRKLPFMNCNIV,1
GPFSQRSVRCLRGQR,1
FLSSHSQGGYSIVRG,1
RTWSGSSGTAGVGVD,1
GYCSQYHGWAPNDKS,1
TQWTTCSKTCGGGTH,1
TTAVTILDSPTSTGK,1
ATIFIECPGYRGVHH,1
TASGPDWTTCGSGMP,1
QTPHRHSTATQQTLP,1
LHCPALPTYLTCGEE,1
TQWTSTNKTANSGTS,1
RRPPAAGTRNREKQQ,1
CTTARVETTGAVGQL,1
PGEKGSPEDSGSPAR,1
FTMQGSQGQKRMMIM,1
RLPAQAGKRRREAKR,1
EIQSCEESASEDQSD,1
RVNALSRANQPVGGP,1
FPRDHRIQTFENWPF,1
RIFGNSVSLCVQVWV,1
MSQNSACHLLLVVSA,1
NGRKACLDPKAPMTQ,1
LVARPSRAGSPSGVP,1
TSWLQLSKYCGTIIS,1
SPSCHPNEGREESYA,1
KRVRGSTKKRKRERK,1
RRPAAVQQRRSEKQR,1
PPSTGVRGASGSPAS,1
VMIVIYLGTNLLKAS,1
VSLPRPCADGAPPEA,1
TLPFSYCNNHQVRQT,1
FIDSRLYKTYSIVRR,1
AKPQVKAATQRKVRR,1
QMRVIELGLNPLVSR,1
NEGSIVSVTAGDGAD,1
EDLNQKVFDLLGKFK,1
KAPCLWTDMLSLFGY,1
ARDAKEAVQQKKVER,1
FLKDKRLSGFKNSPF,1
QCHIQEVQHYARRNI,1
SAPFCECHERGRCNY,1
SPWDRVSVTTGSVQR,1
ATSFIECFGARGTSH,1
AIEMKKRLEKILEIE,0
LITVQEHFIYQVDYI,0
AVTVAPTSLDVPIEQ,0
IAELGTAEFPRLRIG,0
FDDGRSIRANIGDQG,0
KDLLAYHWTTVTKWK,0
LESMRETDGPGIENN,0
KAVISLLFRASAAAT,0
EWATPPGLSSLEVGS,0
GQLRPVAYELTSSIE,0
RVEQPENPMLDARVQ,0
SYHDYYREMLIPKVV,0
FDRIRHVENRPQTTS,0
SKENQIAVHMKACQH,0
ILARGIQVGEGFPVF,0
RRVTDDDADFDSLYA,0
AEEKYGLARVSCTPI,0
SENSKDIVSPELVNQ,0
ARKETTLAEGAPTEQ,0
SAIILGQGVLQKRAD,0
LIVSYLMSMDATAGS,0
ANVVMKEDSGVVTLC,0
TSLSADTEYTNMVQY,0
GVYMTLGGAVACAET,0
RGYPSTRRFQVPKLD,0
AAGTALMVIVLTLTA,0
VERRAFGIYMCYTGA,0
KPFPYIADVICDNAC,0
PIIIPKFWIPTAPTI,0
GINLEKAWAATVGYK,0
LASLVQSGADVHINL,0
TLGAIIGVISAAVFA,0
GIGDQYTKVMLAFQG,0
EHNDLRLCCKQIVEE,0
EDGRIINANIRDEEH,0
KVNMATGNLLNLKTF,0
NTTGVEFIQISAHPI,0
CFRDAISQNIDEATL,0
YSNLEDFIQRRNIGE,0
VAPIGVPAFEMMDEQ,0
IYTSHWSINYDHAYE,0
QATLEPSRDYMSTSV,0
ARTDVTEDFKATEVG,0
ELRIMVALTQKEGMN,0
KIIGKQQTNVGKTSN,0
ERKIFKVIEFAPGGW,0
AIVFQDGKPEIVLNN,0
TCGFNAAIIEQSYPP,0
REGQPQALFVGQNTG,0
PELHGNQHKKAVMYV,0
HIKQCAREGSHPSGG,0
DKAFIAFLEETFDQF,0
PKLNEMAITAKMQEI,0
ILVLTNNVEKTPLNH,0
AVELHQGLHGFTLVN,0
DGAGGKYVSPLRTLG,0
PSHLFVISFRDQTCR,0
RGFFALLSAPLCTQA,0
KSSPSVELYAAKEIL,0
LKFFNKLKKKLMALR,0
EQDRNEQMGDFVVKA,0
TGRGKMEFNGWIIAK,0
TTMRKYLGRIRLTLD,0
FDIGATFWAAILGTD,0
SLINMLAHTMSQYYN,0
MVFITVSTGVGGGVV,0
FVTTKFNVFQFASHI,0
FERALIKTYCSHPVT,0
ELEGDKNVYAIVENL,0
TAMEMQVVADLHALV,0
NDDMVLSAMHYLGRT,0
AIELMFALASEKNNI,0
YHFLWVYTKGAPRLK,0
PGPEWPPAEDSQEEE,0
VNDYSRDALTYQVGY,0
ESLVAYHTLNAYAGP,0
CVKWNIAYGEFWFEI,0
QVASMSDSLPHQNVL,0
FILGLFSLAGWMLTM,0
DDTNSTGTIEKQADY,0
IPYEITLLIDSKVHA,0
FGRLGTMFGSDLYNI,0
DDNDDNDIIKDERDN,1
PSGLKPAGLAYVTAV,0
DLLGGKRGDSGSNAG,1
LSLCSGCSNLVVNII,0
LVPRGPCAGLPGGGP,1
AATIYYACVTSPSVF,0
QAQMYCSKDTVIDGV,0
DYNFKGDFYGRGEIC,0
FCTINNVCNFAQRNC,1
FRSSIVLLLYSIVRR,1
AGFVLAYICKKIIDS,0
RRPAAAGARRRTPQR,1
LRRLGTMPFMFCNIE,1
QEWSKCGATCGDGVR,1
CITIRTEATGATGLC,1
YCCKNSVCHYARRSY,1
PLDEFFDEAEKLRFF,0
DDVWNMKYLRGFKWA,0
AMESYIRSGIEVVLG,0
FQRDEKPFAENAQRR,0
LRALGKKSEETAGVQ,0
SAQVLAGIVAMLLEA,0
NGREICLNPEAPWVQ,1
RRYDAAGKAKREKQP,1
DDSDKQAGSGFREPF,1
FRTTSLELNYIDVDA,0
VSKGVITPKFALFTS,0
NHADQERARGKVINV,0
ESSKRPCARGAIAEA,1
KSHRGKVKGSKRKSG,1
YLMQRARRAFIYQWP,0
ALSSRPQDLSSFVRR,1
KNECLKLDMASNYGQ,1
INQSLDKEVQPAYHG,1
RKRNARFHIDIGGAV,0
CDADSYIGWDHLWDL,1
IRRLGRKGFRKSLDT,0
LYYHRLFAFTSSRNP,0
LVERGKRAAEPSDEP,1
DDDKKEAGSPEGGHF,1
WGLVVKSRGVEEVGV,1
TQWTGCSVTCNGGTQ,1
QSHAEAVLCGLCTGF,0
LDQAGISTPAAILAM,0
FHDGSVPRASNMMPQ,0
QALGIWQARLEIPFL,0
VWRSPLLIAAILAIT,0
TLEIAILLDAWDAFR,0
ARPAPAGRRRRNKNR,1
SPNLHPNEGPEPAYC,1
TETSLIGWGVSQTLL,0
ARPAKKAATGKKDED,1
INSSLDKQLLRDEET,1
SIWTKEEATSGGGHY,1
RETLQATGASNLKIV,0
ANECLATDMLSSFAY,1
PGSPGKPDDGGSPAT,1
SAPFCECAGRDECNY,1
IWIDPGFGFAKSVQQ,0
RQEARFIEAAHLATA,0
NESLLSDNLLFSLQA,0
LSSTCYLVLVGDILV,1
INGSGDKRLKPDVGT,1
NESIKRENSIVPHMA,0
YCVINETCRYARGND,1
GFGQNLFRPSAIFIG,0
YCNINNRCNFASRRC,1
QEPHRVSQFTVYDNP,1
KYGGNRPQLQLDVGR,0
QDWSQCSRTCGDGVR,1
RLLGWTGAVELLDLP,0
DLPFAYERIHQYCHY,1
QEPHRGSIDTSQTNH,1
DDDDKLASTPSQGKF,1
CDPDSNITLDQLRDL,1
LIVGEGKLPTTVSAG,0
SFDTGTDGFDSAVVN,0
QSEGLARLYWLLEGM,0
EEKRRRESLSLAASE,0
SPYSKCSVACGQGGV,1
GGRAKSSLNSTGEET,1
PGLKEIRSAIGSPAA,1
TRIQLSLLDGKGAKY,0
TLVGLTEMDNGEDNV,0
EKPGEEILTILILSA,0
DPFFSVPVAKLAMEV,1
SPSGHPNDDLVCNYC,1
ITMVGIQVQKIKAIM,1
LANCANLVGAGLSGA,0
YRKCGINDTGGATQP,0
SQWSQCTASCGGGSA,1
YCNINYVCKYAIEND,1
FGIGYAIGGDPIQTS,0
KIRFKGTTNMFRNEE,0
SAHPSNFTEHDHSQF,0
HTEAVPNKIPGAVIP,0
KSVRGKVKGQKRRPK,1
AIAFTSEARIGLLVT,0
CDSDRDITVDQLVDM,1
AATLGMEDNKPAHGK,0
SPWSSASVTAGDYRD,1
RFPAAAGKRRKEKQN,1
DLPIRETGTSPKRLT,1
LETWRQLTTGATGQA,1
EKTSRPSFYKKILKK,1
IIIGELPIMFYNQEP,0
LRRFSKMLFMFCDVN,1
LRSYGKLNAKMLAGE,1
QSGFQASSKGSVFNP,0
DMEAFTKLTDNIFLE,0
RRRAAAQQRARELQR,1
GIWGPSSASPGPGRR,1
VAIFSQVASPTLFQL,0
YCNLKEVPHYNRRSQ,1
GTSHEMLIPEPQHIA,0
DNGGGELGCGDDPGG,0
ARPAKAAATQKQSEK,1
INISLDKSLLPDLEL,1
EDMNQQLFGLREKTK,1
SKRKSKPVSVNTFET,1
MLQNMEVLLLCVIGA,1
IRVFLQVERQKTHKK,0
DNSTHPNERNEENYR,1
NPWSEYTASCGGGVQ,1
LDRITVLIFFTYVNL,0
EKYEGVISKVMSGTD,1
EDKNSTLFTIFRKFK,1
VKEGAKQLLTTDIVD,0
TFQYVLAIDVIPWET,0
SAKFIEEHGRGTTNY,1
KLYFATCNTHQVRHY,1
TIERLPFKLERGTFK,0
LHLPAVVVANTDKFV,1
ISKDRDILLREAHSW,0
VCLDLQLKRVASSMD,0
NEIARHPMFPCFISE,1
TTRGNQESDYVIVDG,0
SKPPITLQVADFDDF,0
HPWDGAEVTARGVQR,1
GCAHLPKCLPGAGFA,0
VCVYDIGEHLQAGTF,0
SPWSACSATCGVDGV,1
EKSSDPTFYKVIKKA,1
LASHMVGIEPVRMRV,0
GAPFINCPGRGTCTY,1
SSLTDPNEGLECNLC,1
ALLADPLSSQLKRLD,0
QMLEEGLLDEVQALL,0
SHLLMLCAVAHQGVF,0
SPSVHVNYGLEEFYC,1
RMMRPNGHIANIMQV,0
HVLDYHGVEMIAEIH,0
HHHGKDPWLAAKLRD,0
NRLTQKEDDGIPDVR,0
PKEVMSHRRKTHQAS,0
VMGPIEQMELVTEDT,0
IFMAGTHLETNLASI,0
FNRQQGGNTTEYFVN,0
DDKDGNDKLPDDRLN,1
SRVDIGTKVHGQGTK,0
ESLAAPSRPGVPAEA,1
WDLVCVAAGSAEVMV,1
DLWINVTLTPPKSHT,1
RTGERCRTCNRLAYP,1
SKSKSRPVNVKTIED,1
LRSDFELVAKGLAGV,1
SKRLGRPRSVKTQVD,1
RGRLFIRMLIQVLKV,0
QDWSQCSATDGYGVR,1
MLGAKQNQTSAIECS,0
PPSTHINEIVEENCC,1
ESLAAPCGRCAPREA,1
YCNINEVLHLARCDH,1
KITDLNFISLFLMLL,0
DDDTDNDSIPWDRDN,1
ALIYTTRGVPTTLWM,0
TIASMPAVDEINRLS,0
NGLDSLHVAESPNGV,0
VKDLKRDEGQAGPAG,0
LEGSVDDQMEKWKQT,0
WTRRSSSCRRKPSVR,1
ASLLYVKEYDTIGQL,0
NPWVENYQNHADAHV,0
KSVRNKGKAQKGKHK,1
RSAKSYALAVGAALG,0
GAGFVFEVMNGGLGQ,0
DHRGALENKIIFAMP,0
HEVRIPLLAAVAIAS,0
PRYWKYRPHAKVTFT,0
QGTAPDALRSDNTKD,0
DENINEVSEIAVRND,1
GHQNMAKYKRELIIL,0
PIERLEFIIRQREVR,0
SPWGSASVTAGTVVS,1
SDNIYQSTLGIIRAT,0
TTITSKLCQSRAAMF,1
SARHQPKQLLIAQAG,0
SYDLGERKPSSAAYQ,0
LRRFYTMPLMFRNSI,1
VIFEMTLLQKLSVKD,1
EKSSRMEFDKEILGA,1
AHFQLALERKTWNDV,0
ARPAKARATQKKVSR,1
DDDIRRAGGGSFGPV,1
LVEPGSRAPSPSTGP,1
MPPNMLMGDEGRTDN,0
SPEQHPNVGLEVNYC,1
LTTDLEADKGVVAVQ,0
ARYKFLRDCFISWVK,0
INGSFDKRVFNCLHG,1
INAFLKRSGAPRRRN,1
ETRCLRSCGRRVSLR,1
LRRFSNDPFMFRNIN,1
SPWSKCPGNCDTGSQ,1
LDVCPLKGGDELSPA,0
DLFKKVVVNKLALAV,1
CKRFSCMIFMLVNIN,1
MQTILSESLLRFFNT,0
SAPKASGDLTSVVKT,0
SPWSPRSGNPSTGRQ,1
IDGDRIFTCWTPNPP,0
DDDDKRAGSPSRRLF,1
LNECKWTDMLFNFGH,1
KQMLTSSVFQRQTAA,0
SRESSASDTAGDGVD,1
DDKHAEAKTRGVDIV,0
SKDAGPDTSRGSWIT,0
KNEVLWKNMVSDFGY,1
EVGITEDAGSSELLR,0
FLTDHFISTFANWPF,1
TGITVKKCQRWAASF,1
INERLEDSGIRRQNN,1
GPAERCTAGGGGGID,1
KGVRGKGKGVGEKRV,1
SVLFKLVQNLDKENK,0
ATIKISVQMALNKRH,1
SGSPRLQALYAIVRL,1
ARSAEAADRQKKVVR,1
EDWSLDSRPGKSTKN,0
NIKNLGAARQESSLT,0
SKKTLDCVTRHFWHK,0
KENNVYEGLAGDGND,0
ATPSIKLSGGRGTCH,1
VNSYMEGAFLAEASK,0
FLSSRLRRQYRIHRH,1
AAPAKAARKSKAVRR,1
CETFRTETTAALGQV,1
ESNAAPDAPVAPAEQ,1
DELETPIIDTAELTG,0
SNEMHVLILKFPLIA,0
TGDKGKRYDSGSITT,1
TMPFVICNVNVCNYA,1
PVIEIRRKGAETVIA,0
THRATIDLESRGIES,1
GRPIAAGKDRREKQR,1
ISEQISIRLADLARF,0
INKSFDKRLPPDVTT,1
GAPFLSCSGRQETCS,1
KNECLIRDMLSNKGY,1
KNHCGKTNMLSNDGY,1
HPGRIDGIVAYEGPM,0
LASAYGLAKHRDGRW,0
PGLQHWTSELFVLPA,0
KKPAKASADQKVIER,1
CETYRTEDTGAEGPA,1
LQMFQKGFDLSGKFK,1
SVIHLGAIRAHLNHA,0
QALRCSLREKGRGDQ,0
AQEAKAKETQKSVER,1
ISVRGTGEAQKRRRK,1
IERISLLQRLANRGT,0
RRPKGGAMTREKQRP,1
NPAGEGITQDSAADS,0
TKWFPCSRKCEMNIS,1
KLLDIADLHSEMKPL,0
RPDDSGIVVEVPLHY,0
RLPKSRTKRRRRWQR,1
VLSIAQCVFSVDYHL,0
EHFGQFVTHAANLIF,0
SPWTPCSVACGRGSY,1
ADMSQKLFDLRRNGK,1
VIVCLLGTAGLFLPP,0
AADHLFPTNDRSAAG,0
DLWISETLTHPESLV,1
RTVKVFMKASSEFRN,0
YCNINEYCCYGRYHD,1
VPPETASVTAGDVVD,1
DDGDKRFGSPSTIPP,1
LSLSAFVQGDDIIFK,0
IIYITEEMGLLLGYS,0
ITIQNIQKQKIFMIM,1
CYGHLTGVRLPSLAS,0
NEHRLLNRPGIVPVA,0
ECNINEANHVARFND,1
GYCSEYRGWATPLKA,1
SPEKGASVTAGDEVD,1
YCNINETCTYARKND,1
LNNYITCTPEIDTVS,0
SPWSACSGDCSPSQQ,1
YAAEPDLPLPVFGSK,0
SMGPMPESGQLVFQT,0
KDTTKECFIQLESIW,0
PGPQVTANAPYKIDL,0
PYHGNYRPQAGANAT,0
DTFICRADSTVRSSY,0
ARPSPRAARREKQRV,1
SASTFKAKLPWALKI,0
QENHCHSIFTTQTSP,1
FASSRLQGLSSRVRD,1
TQKDHGISTFHNWPF,1
SDREAGGDEPYLAGA,0
FPERNNYPAFPHGVG,0
PNTLISVIGVNTFIQ,0
SEPTGSRAGSPSGGF,1
EILENQLFPLSVVVP,0
NWIYSGFVRNFNDRN,0
VLFEWTETQVDQESD,1
KEVGIGERITIEKEV,0
VPSKCTTRHEISHAT,0
GIRFTSDLTSTGGEN,1
QIGFKRWQNLAGELA,0
YCNEHEQPGNMQNTP,0
SPWSLATVTAGEGVI,1
SPWGQCTQLCAGGVQ,1
RICGEGVSLFVQCWE,1
TAWRPCSHTGNLGMA,1
TLSQITLHGQMASQW,0
FTKVQEALVKIYRFH,0
PDDDKRAGSPRGGPF,1
AIPKQNDWLLSIDPI,0
VAQIGHIGSRKLIVG,0
IWELHQDNQRARLIV,0
CMSIEGGDITFMWMN,0
TCNINNVCNFISRNF,1
AVLDGLQCTRFWQLV,0
SPWLQASATATGVQA,1
GVKRQSGSLSPSGGP,1
TVPFAYCPIHQECHH,1
IYSFDIRDIITDPSH,1
NPKAFYTANTVVRKH,0
DVSKLKEGEQYMSFC,0
ADNLTVACAENVILT,0
EEQLNIILHSNSLNF,0
FHQSRLEDLYSIVRG,1
AQILPLWVGRRAEES,0
PRPAAASGRRRHGQR,1
RRPKERAQEREGQRA,1
CNWWRTETTGATKQA,1
LLDVLILSIDWPGTD,0
LPGEKGSKGVDGISG,1
FSFLHRTANDYGLLV,0
SRLVVKVSRLVPSLS,1
KSVRKKGKGQGRKRA,1
SFFYFGGGGGGDSID,0
LARFSTMPFMRHKIN,1
SDICQKLFDLRRKFL,1
SSWSLCSGSCGTGKQ,1
NIHNESKAFQMLTVF,0
ITFNNEVSVELSEPG,0
SPWRKVSAACAQTTL,1
ARPHKIAATQVKVSR,1
MREVMNPSELEPDNA,0
FLSSILQIKYSIPRR,1
FLKAHRSSTRKNWRF,1
SPWSTSSAACGSTGC,1
CGTCRQETTTATGQA,1
HGAITWNFHPRFPLG,0
NNVCLWTDLLENFKY,1
NNECLWTDMGSNLDY,1
AISAELRMNYASVGV,0
LVPRGSRQGNPQHEQ,1
SFPIKSSAACRQTGV,1
DREASAGKRRREKRR,1
GQKGNCYMAKILYSI,0
SGRYYVLAFAPTVKK,0
ENGSTAIVVGRPITQ,0
FEPQVMKIMANVRPD,0
FLSSDVQDLGSIVRR,1
LVKEKGKLHGYSGDN,0
INGSYDKRFLPSVEF,1
FSESRLGDSSSIQRR,1
GISHYYDEEPRDVTR,0
NSLGSESYILKVKDL,0
NTLGWKVAAQEAVTV,0
EKWEECSRPCGGGEK,1
CKITRNPMIFCKISS,1
TDKMKAKLIGSYSVN,0
ECNNNNVCNFASRND,1
ARQHFLANTKWSLLQ,0
EELPVDNIDMGLPFK,0
ICQPANEVGVLSENH,0
KKPVKGDKLSGNIFR,0
RRPKHRGKVDREAQR,1
PTGELLRTCFRISYP,1
KDLTDNFNGIYPPII,0
RRTKSRAMRRAQQRP,1
YFPINEVCHYARENG,1
NWVIAEGILEKTGDS,0
EDVNQKLPILRGKHK,1
GHRKTSDPASEGEIS,1
NRRFSQMKFMKGNIN,1
SRKMRLVDQLGQALA,0
GYCPTYRQWAPPDCS,1
DDDDARAASPSVGPP,1
IPCAMATVCSLLPCA,0
HHLNSGKGFSEVPDP,0
NLKDIRISTNKNTPF,1
PGLGGKWGCSGSPGT,1
TEVADHPTKAAFRLK,0
MLVSTTAGAMEVFQG,0
LRRASTMPFLYCQLN,1
NKAFIIAVCPIGVKL,0
NSEWICCAVAADLGL,0
RPEHRIVQEPVNFQG,0
DLLKDCPSIQRTALH,0
SGLPIQRRSSGSPAT,1
MFSKILSLGIILALS,1
PLAAKKNAQAFSLVI,0
DPDLVQLLGKGVEEI,0
EMSQLGFASLTAAWT,0
RGFTRYPHSQIITEA,1
KSVRGKGKVQKRGNK,1
QLSRNIYVTFEAAKK,0
EEKLVWTGPMISGRD,0
LVLGRSRLGGPSGGP,1
RGKNNEYKKLNAKNL,0
DNGKLGKRVQRCYHG,1
IDSRGRLRWARKIAG,0
TGDFSLPYSDAGHSN,0
QTPWLTRGSLENVAP,0
RRPKGDGKRTREKPR,1
YTHQDAQLVLSLVAK,1
PSDEPVTVMVLEVGA,0
DTAVHGAASPGSTGK,1
LPGLPNSPGVRGIRG,1
LYNINFVCHYYRVND,1
LRPFEIMPFMFANIN,1
FSSSRLQDLFTIVDS,1
CKNTNCPMIACYISP,1
QMILIELGKNPMKSS,1
IRFKGRAMPREKQRP,1
HRRAKWFSQIKDHAV,0
WDLKKVSAIVAEIGV,1
SPQSQDSVRVVRIQR,1
MFGMVDTKDLVGKGQ,0
RGLHGRAMRREKFRP,1
VATSEDIVTDNLLPV,0
HRELNKLGELRSSTK,0
PTVERLRGCEKLSYP,1
LRPFGELVAAFAAYE,1
AGRKVKRGDSGGPAR,1
FMLMTMNKGYELHIY,0
ATGFIEAKGALGTFH,1
RRPAAAGKRPQAKQR,1
SPWQKCNAACGVTGF,1
GHRFLSDLAFTGEEN,1
LRPALAGKRDREKQR,1
QLVAYTQAEVPNYEV,0
VDLPGDFLLIRPVAD,0
VFSTTSLVVVAHYKG,0
LASTHPNEGNGECYC,1
SPDFGWTELVAAGAL,0
ITMQQIQGLKIMMIM,1
NTSKISLPKSAPLNK,1
TSFATGSCTGLVTIK,0
NLVFGDHLAEKADAG,0
RRPAPAGKRRPANRR,1
WKLESRHGSKESLVK,0
MLQNVAVLIFLVGSA,1
EKSGRNEFYKKIIGA,1
LPNVGDLCKYDYAHV,0
DDDDKRALSPSRIPF,1
INGNLTKRQQDIYHG,1
SRATQPGDEIGFDIA,0
SVPVIECSGRGTANY,1
FPDVAAVGPPPRNVV,0
VPWDIRSITAGGQQL,1
EIPLCESTAVPDQSG,1
KEEKSMAMRREKQRP,1
FCNNNNNCNCASYND,1
EGPTGPQGPPGFPGT,1
RFPAAARKRSREKQK,1
RGDQDLDIFFGIEEW,0
LPPMFSVDGVFKEVK,0
LLVCTLATIVDDPLT,0
GNALERKGDTDEIAV,0
ASAFGTFWETRLVVE,0
HFSVILSFEIILALS,1
TYTTAPYEGLEENYL,1
PSISRGEPEQKAKAD,0
FSGRSLAKRHGQAAG,0
GVDAGCIALDKALHS,0
SDWSPYSVRCGRGTR,1
EIISCEESATPDQSD,1
AAWGPNFTTCRLGNA,1
TGKDKTDGRFHIYER,0
WEKQTENSDIESLMI,0
RIFTLSLDDGLLPIT,0
PSERTELKQAFVMTR,0
YIQLKGFGLIKVDEG,0
QIPNRTIEVDLQFLV,0
EYGHMDEPVIEVTAD,0
FLPDLRRSTFKTWPF,1
AMILPAMKNVPAVLE,0
GYCSDSRGWAPEDKS,1
HVLSRLSYISALGMM,0
EDDNQKLDDNRGKFK,1
FSIADSPAWKTVMNP,0
NNNVLRTDMISNFGY,1
PRPKGRAARREKQRP,1
YNLSDTIKAFSILLL,0
SKGKSRPNDVKKVED,1
RSMSKKLANAPVKAA,0
VAEAIDCKEGQRRWN,0
MASGNAVCGSSAIAA,0
LYRFSTMCFMFQNIN,1
YNGTEVTFVKVGPIH,0
DDDRKRAQSPLGGPC,1
SPWAGCTALCGDTCV,1
GINHGETEAESRPAI,0
TYGERPFDKAIHSAG,0
IRGSLEIRLLPFVET,1
GPWTQCSASCGGGSY,1
TKPFAACNIHPVFQY,1
GIFLSAIMLQFLTGN,0
SSWSAARVVTGRGVD,1
FNAQVSLIRTGEQSA,0
TIMLPDIHGKGIQLA,0
PPRVEAVDAFPNGHD,0
DGLLGRWQRVDRSVT,0
KNECKWTSMLSNFAY,1
WKEVYFKLATAMGFM,0
IIPSEGNYEFYEAAL,0
HWMYQGKHVLIIFDD,0
TEKIRLQPSVLFSAA,0
VALVFHEFLDFSAGS,0
MYGNAELSTLRSLSR,0
SSSTCPKEGLIENYC,1
GPEGMLSIAAPARDL,0
ESMEQKLEDLRPKKK,1
EMFAPTPELNYRSEK,0
PLKEQHLTAQATDIR,0
LTVEYQQGDQFGWED,0
FTNINNVCNFLSHND,1
CRTNCKTSHLWSSLC,1
IRNHSCHICQMPWLE,0
YGLKGKLSPSGSPAK,1
SERVADHTKCMELQC,0
REEIPLSTDSGLANY,0
QEPHAHSISQPQNNP,1
CSTWSTETFGAHGQA,1
YNISRLQILYSIVRR,1
FNLPKGRLSPRVMAR,0
IILSEFQTLSILTFA,0
LVCRFLRSGAPSGLP,1
VWYQGTTAEPRKEES,0
AVSVRATFITIREPE,0
SPSLHPNVELEENLC,1
NKMTTLKVHWSDAWI,0
TIPFLNCHVIDCNFI,1
TEPRVVGFNRFKLPV,0
RAPRACSHICGKGDQ,1
YCIINEVVHYAERND,1
GLNCIIQSLISEIPR,0
ARSQLHSIVSRSCLT,0
GKGVKTEFNRHVEDI,0
SEWGHCSASGGGGVQ,1
FENINNQCNIAYRND,1
GSDSLDEQLMTSLAF,0
QMIKIDLGTIPLKSL,1
VAFKPNSTNIHVENV,0
KCELTTPKKLEQGTV,0
KALKSSYLAEDWSNT,0
SSFPLLTGRIIRLST,0
TNACLNTDALSYFGY,1
RRPKGRAMRSEMIGD,1
TKAGADIKPHRAIAF,0
RHAAITTTSFEQRSV,0
ELLTTTQVIANLRFL,0
LESRGEGVFKFLAFE,1
GHTGVSLTGLTVPQV,0
PIGERNRTCRRNSYP,1
EGPPGEQGPLGFPGE,1
GYCSQYFGWAPPVPD,1
TLGFGLRICEPQDWK,0
PDLKGGRGDGGSPFA,1
LEFVLKVDSEDKLGS,0
SPTSSASANAGAGVD,1
HFLKGRGMRREKQRP,1
PAPFLVCQGGQGNCI,1
VIDFLPVDALNETIS,0
LVPRGSRGGSPSRGE,1
EDMNQKVIDLSGKFA,1
TEWTQCTKSCGGGIQ,1
NPLQIAGKKKRFTFG,0
CEKWKTRTKGATVQA,1
LVKFQVKSLARGSEG,0
GGFELNSCSSTFTLT,0
SLISSASVTTSDGVD,1
IRLDNIKARQRGASF,0
KAIPLDATFAEVSPV,0
NLAVMIRRRIYMAIY,0
HYTFTCNVSVCCELR,0
VNECTWRDMLSNLGA,1
HSSREKIVIPFFSLL,0
RGFASAQFKGILMVL,0
PDLGVYYVYNCLITF,0
QLLLNQKKLRPDADP,0
RKPKKAGKRRREKQA,1
QTVIDDFPYNKETIR,0
QMIAGKYSDKISKFI,0
LCSINPVCNFASRND,1
HDVAVRGDLASGFVA,0
YSQDKYCFSEVQKHS,0
ELEIKRAPQLVHRTH,0
INECAWNCMKINFGY,1
PGLKFKRGDSTSSAT,1
TFYIRMIGAMLIANA,0
VKMPLGQAKNAVAGG,0
FLSKREQDSGSIVRR,1
FCQILNVANKASTND,1
TSLGGLERILAAVEE,0
EIPSNGSDASDDQSD,1
FGYLLAGSPANADGA,0
MELDAAKGPMMGVNE,0
CKINRCPEIIANISS,1
LVPRGSRAGSRLAGP,1
QGCKMNNINVVYTPW,0
RRPKELAMAAELQRP,1
STWGSCTASCGGGAQ,1
LRKFSRMKLMFCFIN,1
EGFPGPKGYKGFPGP,1
EAINIHQGRRIIRLC,0
EILNFHEKGSDTDLT,0
PPKFDAIADLNVYKV,0
TMIQLFCPVVACNFA,1
RSLFAISENAHEKPE,0
VLMLRANADLCMAVL,0
TPNSTLDVVTEAQRV,0
PIRLRLDASMDNRRI,0
AVVGGIRGTLDERVY,0
LWGVHKLNFLTSVEN,0
QENISELAAPVRIYD,0
QAWTAGTQSDMAFWE,0
PMDLSAPQNVAWHAR,0
SANNAEQANIEILRG,0
SMSPLASQLFKLNGA,0
SKWKIASVAQGGYQK,1
SPWVSASVCKFIGVD,1
ARPKSAAATSKDVER,1
IRDWQASLTLKELTL,0
SVWSSPSVTARDLVD,1
HTPSVTTMAYMRGNL,0
NCNINNRCNFAYRND,1
IEEIDLDIGSLSDIV,0
GYQLSCVATNVLGFA,0
AVRARQTKARELNGL,0
AGAVTIPYLIREDNL,0
GVPRGSRSGSGSGIK,1
GTSIVGIVENGISVL,0
FETTPSETTGATGAA,1
IILRTAKAIVTHQAI,0
SKAFLEDLARGRIIQ,0
CGPVLEKDGGFCTLN,0
WQEHAPDFGEAATAK,0
FYSSPLNPLKSIVRR,1
YENINEDKSYARRDD,1
SEWSRASVREGGGVD,1
VGRRLEWDQVSCRIE,0
RRPKLRHMHFEKQRP,1
MATWAAWLILVLLTA,1
ILYKSPESGQFDFQA,0
RGSLGIPIAIGVAAD,0
SITTTTGFRALPQRC,0
QGYEASASQQLKTKN,0
SENFSIMPKLFCNIN,1
PGPESLFMILRELGA,0
PLGSLLGINGLVKVI,0
CDSCASSLNADNPQG,0
GHTATSTLASTHEYT,1
RRPAATGKRRRGKQR,1
WTRCTSSCGPGVMVR,1
GPPPRCTAQRGGGIH,1
EIISCESLASPPQED,1
KWPGLYRNENPPERG,0
HPSTGQNEGAEENYC,1
FRTMKIVPKEITREH,0
TDWSVSLSRCGCGQQ,1
NGRPACINPASPMVK,1
KIPPAGSLADGLAEV,0
ESYKDFRLDYSFIGE,0
SEWVQHSVPCGRGQR,1
YTAGEFPNPASFTEI,0
AINKSLFVMLHDSLV,0
MLSPILMLEIILFLA,1
HDPNGHDPSGHDPHG,1
IEFDAVECMKAASDK,0
PWCLAIHKQCFRTMP,0
SKWSSASQVAGDGVA,1
VPAPPLAIIALLAFT,0
SYRDKEMSATFRQIL,0
ELLSRPCPPGKPPEA,1
YCNINEVCGLAFRPD,1
SPWDSAFVTAGKVQK,1
SAPPIECCGRDACNY,1
EHALSAALKKTGHIM,0
LRREVTMPLMFLNIS,1
EYFEWTTLQKLSESD,1
GEWGICPRPCGGGIQ,1
FCYIENVCNFFSRND,1
RRASGGAMRRERQRP,1
SAPFIDCHGNYTTNY,1
NFEPNLLKDRERATH,0
QGPHRHRIFTEQNNP,1
NRGQISTVKAEATSD,0
LAAEVTPNGKSSNVR,0
KSMTAEFAKNSKYSS,0
SSVRGEGKRQKRKRE,1
THRATQDTAKTGEEK,1
ARAAKAHATQLNQER,1
CETGQHISEILGRVM,0
EAKVCAIAIKGSNEF,0
GTNDGLMKNVHHLPQ,0
GGAFVTAIFIAPLPM,0
CDSHSDGTWKLLWQL,1
FIDLADDIRILLEEV,0
SVWLSASDTAGYGVT,1
RRPRGRGQPRREKLH,1
WLEIVVASTMDQLDG,0
LLGFKTNAALVIITK,0
QMVVYELGENYLKSS,1
ATGFIECDGARETCL,1
QDMNQQLFDLGGKFK,1
EVTRDDNANQTGVID,0
HGHGNHTSTRKDGVE,0
LTASEEDFDSDHDSV,0
GHSGTSDQRSTGKES,1
VETWRTATTGAPGEA,1
LHCPETVRYNTETFE,1
SWKTFTPNSLGGLPE,0
CETWARETTGATGSL,1
SDWSACSVNCGKGIR,1
SSWSQCSAECGKGVR,1
MPSWAWLLVLVLVLA,1
KTEVMVANWNDKPQE,0
YTPVIEVSGGRGTCV,1
DGPKGKRGDSGEPAT,1
HAHLDFQLFLHLVSL,1
MQPALFTSEVFAWAM,0
KLAINNVNLLTFTTD,0
HADLMHNIEDGSGTF,0
EDAARQLHHFNMFMA,0
VNTFAGADVLIAAGP,0
YCNNNNVCNFVCFND,1
MTASHPKYFGQTDVE,0
WPGYGKGSSEPVCDA,0
YLTVIAKTKAVRTFY,0
PLSSRYQDLASIVAR,1
LGRVLAVISAILAVT,0
PTFQKNRLTMLRSGF,0
PSIEEGLTQFPVRCT,0
LGKKIPARKAETNMQ,0
KSVRGGGLGQARKAK,1
DGGMIDPEWAIGFDA,0
KGESPFAGVHGTATP,0
TRYLLRNRHLLFLIL,0
ILVSRLRDSYSVVRR,1
NGREIHLLLRAPDYK,1
EASSRLEFDKVILGI,1
PKLTALVENVAEQQG,0
NPSNHPNEGLEENYN,1
ITMGGISPQKIFMIM,1
SKTSEISRKCGQGKK,1
RRPKPRAMQRWKQRP,1
MIQENDDHEYENPRP,0
IATEQYVQDIGHGTT,0
CVSRSDILWDILWDI,1
AGCTATEGAANQEFR,0
LPGLPGSKGERGIPG,1
DTCSGPPRTAAEDIL,0
RRPPSAGRRRRGKQR,1
SQMMQNGHMIIALHH,0
MDLNLAVALLLVFSA,1
DGRQICLHPDAPRLK,1
ARERAAPATQKKQER,1
GIEEPGELKIAPFGG,0
SGRKSRPKWVKPFED,1
CATWRTETTGKTGAT,1
PAADTTIQTQEHGDA,0
LRRVSTMPFGRLNIN,1
IDMSAILKLICLNHL,0
TEWSSCNVNCGRGIQ,1
GNLIGEAPTTLIMAF,0
KNEFLLTDMLSNFGY,1
SYWLIASVSAGGWMK,1
YSWNPCSATCGVGHY,1
TFARGEDAVEAPIIL,0
KNDCPQTDMLSNFSV,1
